{"cameraMode":{"drawMode":0,"name":"Shaded","section":"Shading Mode"},"sceneLighting":true,"audioPlay":false,"sceneViewState":{"m_AlwaysRefresh":false,"showFog":true,"showSkybox":true,"showFlares":true,"showImageEffects":true,"showParticleSystems":true,"showVisualEffectGraphs":true,"m_FxEnabled":true},"in2DMode":false,"pivot":{"x":1.0099999904632569,"y":0.056000009179115298,"z":-1.9376012086868287},"rotation":{"x":0.0734325647354126,"y":-0.005983766168355942,"z":0.00044060053187422454,"w":0.9972824454307556},"size":0.28823283314704897,"orthographic":false}